seed,best_f,sigma_end,accept_rate,landed
0,323.8083144451342,,,False
1,296.2741956437644,,,True
2,319.3919080922179,,,True
3,316.9877871080896,,,True
4,315.98253599524026,,,False
5,322.0679764015479,,,False
6,321.1268566477462,,,True
7,294.08345228301323,,,False
8,326.8031443359272,,,False
9,309.20057524211734,,,False
