seed,best_f,sigma_end,accept_rate,landed
0,276.09402298413545,,,False
1,290.80666239712247,,,False
2,333.0808887837519,,,False
3,280.02105502719473,,,False
4,282.2336430919431,,,True
5,329.13403820833105,,,False
6,295.6744855449066,,,False
7,301.91277785370414,,,False
8,289.89954091130664,,,True
9,306.61008709429905,,,False
