seed,best_f,sigma_end,accept_rate,landed
0,-29.525677851111084,,,False
1,37.16725238706641,,,True
2,-6.815070345382409,,,False
3,39.79991082003528,,,False
4,47.31561890286815,,,False
5,22.71626150279903,,,False
6,27.878993836857703,,,False
7,36.320037876298926,,,False
8,16.585654408490697,,,False
9,0.4315895057101642,,,False
