seed,best_f,sigma_end,accept_rate,landed
0,8.723978274206445,,,False
1,251.6870915445814,,,False
2,11.995601623293211,,,True
3,23.6512441250251,,,False
4,247.81277019377245,,,False
5,252.45455600581823,,,True
6,239.083693830401,,,False
7,41.0332070892226,,,False
8,41.44839685049482,,,True
9,18.252725823067493,,,False
