seed,best_f,sigma_end,accept_rate,landed
0,226.90516326980446,,,False
1,269.9327532410817,,,False
2,245.45388685818918,,,False
3,293.3965186230138,,,False
4,279.82852082545537,,,False
5,298.4068295013478,,,False
6,297.54984536382636,,,False
7,261.8823718441091,,,False
8,290.3135212195274,,,True
9,283.02627387198646,,,False
