seed,best_f,sigma_end,accept_rate,landed
30000,36.38896936727116,,,False
30001,234.3604137342689,,,True
30002,69.8421472864564,,,False
30003,151.79103759530688,,,False
30004,266.7823941179133,,,False
30005,233.39837216206413,,,False
30006,295.35066236036516,,,False
30007,274.89747902135014,,,False
30008,210.22872077506668,,,False
30009,34.60181097407522,,,False
