seed,best_f,sigma_end,accept_rate,landed
0,320.43253313432916,,,True
1,320.21433718287716,,,False
2,328.63868461436874,,,False
3,321.83609965214356,,,False
4,325.6066426565756,,,False
5,322.98801589655625,,,False
6,316.7429096775455,,,False
7,325.76443493814463,,,False
8,295.3122445103138,,,False
9,287.8177872765287,,,False
