seed,best_f,sigma_end,accept_rate,landed
0,286.19639969788983,,,False
1,286.4632123177056,,,True
2,289.41114130634423,,,False
3,316.23974879085677,,,False
4,326.1447844067284,,,True
5,327.5142378421657,,,True
6,312.8917803033144,,,False
7,304.5007860826032,,,False
8,306.42893225164545,,,True
9,322.52411770830264,,,True
