seed,best_f,sigma_end,accept_rate,landed
70000,18.79299944132218,,,False
70001,61.861156155476806,,,False
70002,7.825469485262957,,,False
70003,22.562397225531598,,,False
70004,-4.944117873487755,,,False
