seed,best_f,sigma_end,accept_rate,landed
50000,10.877388473379796,,,False
50001,10.653602332263347,,,False
50002,-16.767105664283562,,,False
50003,48.99845182615408,,,False
50004,-9.864677078481364,,,False
