seed,best_f
300,68.60183472233456
301,-6.50091433619653
302,189.2097505464132
