seed,best_f
100,-169.90114820708388
101,-224.41079349839686
102,27.548017677874228
