seed,best_f
400,32.72741318739861
401,49.42884834125053
402,40.25273417771058
